Pea neutron deletion panel,VicABCD-FN,,SAMEA120642799
Pea neutron deletion panel,FN1367_1,,SAMEA120538374
Pea neutron deletion panel,FN2848_4,,SAMEA120538373
Pea neutron deletion panel,FN2848_1,,SAMEA120538372
Pea neutron deletion panel,FN1453_1,,SAMEA120538371
Pea neutron deletion panel,FN1091_4,,SAMEA120538370
Pea neutron deletion panel,M32070_1,,SAMEA120538369
Pea neutron deletion panel,FN1290_2,,SAMEA120538368
Pea neutron deletion panel,FN2261_2,,SAMEA120538367
Pea neutron deletion panel,FN1218_6,,SAMEA120538366
Pea neutron deletion panel,FN2261_4,,SAMEA120538365
Pea neutron deletion panel,FN2073_1,,SAMEA120538364
Pea neutron deletion panel,FN1218_10,,SAMEA120538363
Pea neutron deletion panel,FN3999_4636,,SAMEA120538362
Pea neutron deletion panel,FN3890_4159,,SAMEA120538361
Pea neutron deletion panel,FN3790_560,,SAMEA120538360
Pea neutron deletion panel,FN3521_349_2,,SAMEA120538359
Pea neutron deletion panel,FN3470_326,,SAMEA120538358
Pea neutron deletion panel,FN3433_2317,,SAMEA120538357
Pea neutron deletion panel,FN3403_288,,SAMEA120538356
Pea neutron deletion panel,FN3362_1998,,SAMEA120538355
Pea neutron deletion panel,FN3194_1343,,SAMEA120538354
Pea neutron deletion panel,FN3185_1325,,SAMEA120538353
Pea neutron deletion panel,FN3183_1322,,SAMEA120538352
Pea neutron deletion panel,FN3171_143,,SAMEA120538351
Pea neutron deletion panel,FN3137_1140,,SAMEA120538350
Pea neutron deletion panel,FN3077_881,,SAMEA120538349
Pea neutron deletion panel,FN3046_67,,SAMEA120538348
Pea neutron deletion panel,FN3021_713,,SAMEA120538347
Pea neutron deletion panel,FN2993_2,,SAMEA120538346
Pea neutron deletion panel,FN2971_1,,SAMEA120538345
Pea neutron deletion panel,FN2958_1,,SAMEA120538344
Pea neutron deletion panel,FN2954_1,,SAMEA120538343
Pea neutron deletion panel,FN2938_1,,SAMEA120538342
Pea neutron deletion panel,FN2919_3,,SAMEA120538341
Pea neutron deletion panel,FN2918_1,,SAMEA120538340
Pea neutron deletion panel,FN2916_4,,SAMEA120538339
Pea neutron deletion panel,FN2892_3,,SAMEA120538338
Pea neutron deletion panel,FN2870_2,,SAMEA120538337
Pea neutron deletion panel,FN2868_3,,SAMEA120538336
Pea neutron deletion panel,FN2864_1,,SAMEA120538335
Pea neutron deletion panel,FN2853_1,,SAMEA120538334
Pea neutron deletion panel,FN2848_3,,SAMEA120538333
Pea neutron deletion panel,FN2840_1,,SAMEA120538332
Pea neutron deletion panel,FN2830_1BC1,,SAMEA120538331
Pea neutron deletion panel,FN2829_2,,SAMEA120538330
Pea neutron deletion panel,FN2826_2,,SAMEA120538329
Pea neutron deletion panel,FN2810,,SAMEA120538328
Pea neutron deletion panel,FN2792_4,,SAMEA120538327
Pea neutron deletion panel,FN2785_4,,SAMEA120538326
Pea neutron deletion panel,FN2769_4,,SAMEA120538325
Pea neutron deletion panel,FN2755_1,,SAMEA120538324
Pea neutron deletion panel,FN2751_1,,SAMEA120538323
Pea neutron deletion panel,FN2730_1,,SAMEA120538322
Pea neutron deletion panel,FN2718_1,,SAMEA120538321
Pea neutron deletion panel,FN2712_3,,SAMEA120538320
Pea neutron deletion panel,FN2611_2,,SAMEA120538319
Pea neutron deletion panel,FN2606_3,,SAMEA120538318
Pea neutron deletion panel,FN2574_1,,SAMEA120538317
Pea neutron deletion panel,FN2562_1,,SAMEA120538316
Pea neutron deletion panel,FN2557_4,,SAMEA120538315
Pea neutron deletion panel,FN2547_3,,SAMEA120538314
Pea neutron deletion panel,FN2511_4,,SAMEA120538313
Pea neutron deletion panel,FN2479_3,,SAMEA120538312
Pea neutron deletion panel,FN2459_3,,SAMEA120538311
Pea neutron deletion panel,FN2453_1,,SAMEA120538310
Pea neutron deletion panel,FN2451_1,,SAMEA120538309
Pea neutron deletion panel,FN2431_3,,SAMEA120538308
Pea neutron deletion panel,FN2421_4,,SAMEA120538307
Pea neutron deletion panel,FN2409_3,,SAMEA120538306
Pea neutron deletion panel,FN2392_4,,SAMEA120538305
Pea neutron deletion panel,FN2362_1,,SAMEA120538304
Pea neutron deletion panel,FN2361_4,,SAMEA120538303
Pea neutron deletion panel,FN2309_1,,SAMEA120538302
Pea neutron deletion panel,FN2120_10,,SAMEA120538301
Pea neutron deletion panel,FN2026_7,,SAMEA120538300
Pea neutron deletion panel,FN2002_2,,SAMEA120538299
Pea neutron deletion panel,FN1063_1,,SAMEA120538441
Pea neutron deletion panel,FN2163_5,,SAMEA120538440
Pea neutron deletion panel,FN3690_3325A2,,SAMEA120538439
Pea neutron deletion panel,FN3690_3325A1,,SAMEA120538438
Pea neutron deletion panel,FN2807_1_1MA2,,SAMEA120538437
Pea neutron deletion panel,FN2807_1_1MA1,,SAMEA120538436
Pea neutron deletion panel,FN3808_590A2,,SAMEA120538435
Pea neutron deletion panel,FN3808_590A1,,SAMEA120538434
Pea neutron deletion panel,FN3898_589A2,,SAMEA120538433
Pea neutron deletion panel,FN3898_589A1,,SAMEA120538432
Pea neutron deletion panel,FN3862_4047A2,,SAMEA120538431
Pea neutron deletion panel,FN3862_4047A1,,SAMEA120538430
Pea neutron deletion panel,FN2848_1_2,,SAMEA120538429
Pea neutron deletion panel,FN2511_4_1,,SAMEA120538428
Pea neutron deletion panel,FN3868 _4078_1,,SAMEA120538427
Pea neutron deletion panel,FN3690_3327,,SAMEA120538426
Pea neutron deletion panel,FN3690_3324,,SAMEA120538425
Pea neutron deletion panel,FN3538_369,,SAMEA120538424
Pea neutron deletion panel,FN3403_288_2,,SAMEA120538423
Pea neutron deletion panel,FN3403_288_1,,SAMEA120538422
Pea neutron deletion panel,FN2786_1,,SAMEA120538421
Pea neutron deletion panel,FN2764_4,,SAMEA120538420
Pea neutron deletion panel,FN2606_3_1,,SAMEA120538419
Pea neutron deletion panel,FN2570_1,,SAMEA120538418
Pea neutron deletion panel,FN2848_4_1,,SAMEA120538417
Pea neutron deletion panel,FN2848_1_1,,SAMEA120538416
Pea neutron deletion panel,FN2537_2,,SAMEA120538415
Pea neutron deletion panel,FN2511_4 BC1,,SAMEA120538414
Pea neutron deletion panel,FN2276_3,,SAMEA120538413
Pea neutron deletion panel,FN2268_3,,SAMEA120538412
Pea neutron deletion panel,FN2206_1,,SAMEA120538411
Pea neutron deletion panel,FN2150_3,,SAMEA120538410
Pea neutron deletion panel,FN2130_1,,SAMEA120538409
Pea neutron deletion panel,FN1792_3,,SAMEA120538408
Pea neutron deletion panel,FN1613_2,,SAMEA120538407
Pea neutron deletion panel,FN1518_4_3,,SAMEA120538406
Pea neutron deletion panel,FN1518_4_2,,SAMEA120538405
Pea neutron deletion panel,FN1518_4_1,,SAMEA120538404
Pea neutron deletion panel,FN1290_2_1,,SAMEA120538403
Pea neutron deletion panel,FN1091_4_1,,SAMEA120538402
Pea neutron deletion panel,FN1084_1_1,,SAMEA120538401
Pea neutron deletion panel,FN2015_3,,SAMEA120538400
Pea neutron deletion panel,FN3150_1173,,SAMEA120538399
Pea neutron deletion panel,FN2807_1,,SAMEA120538398
Pea neutron deletion panel,FN3574_378,,SAMEA120538397
Pea neutron deletion panel,FN3286_721,,SAMEA120538396
Pea neutron deletion panel,FN3868_4078,,SAMEA120538395
Pea neutron deletion panel,FN2786_3,,SAMEA120538394
Pea neutron deletion panel,FN2274_4,,SAMEA120538393
Pea neutron deletion panel,FN2099_3_1,,SAMEA120538392
Pea neutron deletion panel,FN2529_4,,SAMEA120538391
Pea neutron deletion panel,FN2524_1,,SAMEA120538390
Pea neutron deletion panel,FN2073_5,,SAMEA120538389
Pea neutron deletion panel,FN1466_3_1,,SAMEA120538388
Pea neutron deletion panel,FN1564_4,,SAMEA120538387
Pea neutron deletion panel,FN3538_364,,SAMEA120538386
Pea neutron deletion panel,FN2670_3,,SAMEA120538385
Pea neutron deletion panel,FN2501_3,,SAMEA120538384
Pea neutron deletion panel,FN3440_230,,SAMEA120538383
Pea neutron deletion panel,FN2643_3,,SAMEA120538382
Pea neutron deletion panel,FN2619_1,,SAMEA120538381
Pea neutron deletion panel,FN2137_5,,SAMEA120538380
Pea neutron deletion panel,FN1697_1,,SAMEA120538379
Pea neutron deletion panel,FN1504_3,,SAMEA120538378
Pea neutron deletion panel,FN3690_3325,,SAMEA120538377
Pea neutron deletion panel,FN2271_3,,SAMEA120538376
Pea neutron deletion panel,FN1731_3,,SAMEA120538375
Pea neutron deletion panel,FN1881_2,,SAMEA120538298
Pea neutron deletion panel,FN1796_3,,SAMEA120538297
Pea neutron deletion panel,FN1838_1,,SAMEA120538296
Pea neutron deletion panel,FN1798_2,,SAMEA120538295
Pea neutron deletion panel,FN1752_2,,SAMEA120538294
Pea neutron deletion panel,FN1651_2,,SAMEA120538293
Pea neutron deletion panel,FN1642_1,,SAMEA120538292
Pea neutron deletion panel,FN1639_1,,SAMEA120538291
Pea neutron deletion panel,FN1632_1,,SAMEA120538290
Pea neutron deletion panel,FN1628_1,,SAMEA120538289
Pea neutron deletion panel,FN1624_3,,SAMEA120538288
Pea neutron deletion panel,FN1617_1,,SAMEA120538287
Pea neutron deletion panel,FN1600_3,,SAMEA120538286
Pea neutron deletion panel,FN1598_4,,SAMEA120538285
Pea neutron deletion panel,FN1596_1,,SAMEA120538284
Pea neutron deletion panel,FN1594_1,,SAMEA120538283
Pea neutron deletion panel,FN1582_2,,SAMEA120538282
Pea neutron deletion panel,FN1579_1,,SAMEA120538281
Pea neutron deletion panel,FN1577_4,,SAMEA120538280
Pea neutron deletion panel,FN1568_2,,SAMEA120538279
Pea neutron deletion panel,FN1555_1,,SAMEA120538278
Pea neutron deletion panel,FN1553_1,,SAMEA120538277
Pea neutron deletion panel,FN1522_1,,SAMEA120538276
Pea neutron deletion panel,FN1518_4,,SAMEA120538275
Pea neutron deletion panel,FN1473_3,,SAMEA120538274
Pea neutron deletion panel,FN1466_3,,SAMEA120538273
Pea neutron deletion panel,FN1463_4,,SAMEA120538272
Pea neutron deletion panel,FN1457_1,,SAMEA120538271
Pea neutron deletion panel,FN1440_2,,SAMEA120538270
Pea neutron deletion panel,FN1436_1,,SAMEA120538269
Pea neutron deletion panel,FN1422_3,,SAMEA120538268
Pea neutron deletion panel,FN1416_2,,SAMEA120538267
Pea neutron deletion panel,FN1415_1,,SAMEA120538266
Pea neutron deletion panel,FN1396_4,,SAMEA120538265
Pea neutron deletion panel,FN1372_2,,SAMEA120538264
Pea neutron deletion panel,FN1365_2,,SAMEA120538263
Pea neutron deletion panel,FN1352_1,,SAMEA120538262
Pea neutron deletion panel,FN1341_1,,SAMEA120538261
Pea neutron deletion panel,FN1325_3,,SAMEA120538260
Pea neutron deletion panel,FN1321_1,,SAMEA120538259
Pea neutron deletion panel,FN1316_2,,SAMEA120538258
Pea neutron deletion panel,FN1296_2,,SAMEA120538257
Pea neutron deletion panel,FN1295_1,,SAMEA120538256
Pea neutron deletion panel,FN1292_4,,SAMEA120538255
Pea neutron deletion panel,FN1228_1,,SAMEA120538254
Pea neutron deletion panel,FN1084_1,,SAMEA120538253
Pea neutron deletion panel,FN1011_10BC4,,SAMEA120538252
Pea neutron deletion panel,FN2046_1,,SAMEA120538251
Pea neutron deletion panel,FN2115_3,,SAMEA120538250
Pea neutron deletion panel,FN2061_8,,SAMEA120538249
Pea neutron deletion panel,FN2030_3,,SAMEA120538248
Pea neutron deletion panel,FN2008_3,,SAMEA120538247
Pea neutron deletion panel,FN1347_6,,SAMEA120538246
Pea neutron deletion panel,FN1139_2,,SAMEA120538245
Pea neutron deletion panel,FN1089_6,,SAMEA120538244
Pea neutron deletion panel,FN1079_6,,SAMEA120538243
Pea neutron deletion panel,FN1037_1,,SAMEA120538242
Pea neutron deletion panel,FN2085_1,,SAMEA120538241
Pea neutron deletion panel,FN2023_4,,SAMEA120538240
Pea neutron deletion panel,FN2011_3,,SAMEA120538239
Pea neutron deletion panel,FN2278_1,,SAMEA120538238
Pea neutron deletion panel,FN2231_1,,SAMEA120538237
Pea neutron deletion panel,FN2229_1,,SAMEA120538236
Pea neutron deletion panel,FN2220_1,,SAMEA120538235
Pea neutron deletion panel,FN2206_1BC4,,SAMEA120538234
Pea neutron deletion panel,FN2199_2,,SAMEA120538233
Pea neutron deletion panel,FN2134_7,,SAMEA120538232
Pea neutron deletion panel,FN2132_2,,SAMEA120538231
Pea neutron deletion panel,FN1076_7,,SAMEA120538230
Pea neutron deletion panel,FN2166_9,,SAMEA120538229
Pea neutron deletion panel,FN2163_4,,SAMEA120538228
Pea neutron deletion panel,FN2114_5,,SAMEA120538227
Pea neutron deletion panel,FN2108_1,,SAMEA120538226
Pea neutron deletion panel,FN2099_3,,SAMEA120538225
Pea neutron deletion panel,FN2087_2,,SAMEA120538224
Pea neutron deletion panel,FN2063_6,,SAMEA120538223
Pea neutron deletion panel,FN2057_3,,SAMEA120538222
Pea neutron deletion panel,FN2054_1,,SAMEA120538221
Pea neutron deletion panel,FN2039_1,,SAMEA120538220
Pea neutron deletion panel,FN2036_7,,SAMEA120538219
Pea neutron deletion panel,FN2022_1,,SAMEA120538218
Pea neutron deletion panel,FN2015_1,,SAMEA120538217
Pea neutron deletion panel,FN2012_7,,SAMEA120538216
Pea neutron deletion panel,FN2007_1,,SAMEA120538215
Pea neutron deletion panel,FN1239_1,,SAMEA120538214
Pea neutron deletion panel,FN1233_3,,SAMEA120538213
Pea neutron deletion panel,FN1216_8,,SAMEA120538212
Pea neutron deletion panel,FN1210_1,,SAMEA120538211
Pea neutron deletion panel,FN1197_1,,SAMEA120538210
Pea neutron deletion panel,FN1175_4,,SAMEA120538209
Pea neutron deletion panel,FN1120_5,,SAMEA120538208
Pea neutron deletion panel,FN1111_6,,SAMEA120538207
Pea neutron deletion panel,FN1095_1,,SAMEA120538206
Pea neutron deletion panel,FN1044_4,,SAMEA120538205
Pea neutron deletion panel,FN1032_4,,SAMEA120538204
Pea neutron deletion panel,FN1008_1,,SAMEA120538203
Pea neutron deletion panel,FN3826_3868,,SAMEA120538202
Pea neutron deletion panel,FN3742_3572,,SAMEA120538201
Pea neutron deletion panel,FN1023_6,,SAMEA120538200
Pea neutron deletion panel,FN3774_520,,SAMEA120538199
Pea neutron deletion panel,FN3771_507,,SAMEA120538198
Pea neutron deletion panel,FN3595_381,,SAMEA120538197
Pea neutron deletion panel,FN3241_187,,SAMEA120538196
Pea neutron deletion panel,FN3006_14,,SAMEA120538195
